Location,LocationName,Postcode,AddressLine,HB,HSCP,HSCPQF,CA,CAQF,IntZone,IntZoneQF,DataZone,DataZoneQF,XCoordinate,YCoordinate,BasedOnPostcode
A101H,Arran War Memorial Hospital,KA27 8LF,"Lamlash, Isle of Arran",S08000015,S37000020,,S12000021,,S02002097,,S01011176,,203533,632121,
A103H,Ayrshire Central Hospital,KA12 8SS,"Kilwinning Road, Irvine",S08000015,S37000020,,S12000021,,S02002105,,S01011213,,231514,641144,
A105H,Kirklandside Hospital,KA1 5LH,"Kirklandside, Kilmarnock, Ayrshire",S08000015,S37000008,,S12000008,,S02001492,,S01007961,,244240.02,636263.4,
A110H,Lady Margaret Hospital,KA28 0HF,"College St, Millport, Isle of Cumbrae",S08000015,S37000020,,S12000021,,S02002128,,S01011328,,216713,655863,
A111H,University Hospital Crosshouse,KA2 0BE,"Kilmarnock Road, Kilmarnock, Ayrshire",S08000015,S37000008,,S12000008,,S02001504,,S01008027,,240159.8,638520.4,
A112H,Brooksby Day Hospital,KA30 8NE,"18 Greenock Road, Largs",S08000015,S37000020,,S12000021,,S02002129,,S01011329,,220335,659862,Yes
A114H,Warrix Avenue Mental Health Community Rehabilitation Unit,KA12 0DP,"Warrix Avenue, Irvine",S08000015,S37000020,,S12000021,,S02002109,,S01011229,,232545,638575,Yes
A201H,Ailsa Hospital,KA6 6AB,"Dalmellington Road, Ayr",S08000015,S37000027,,S12000028,,S02002333,,S01012444,,236032,618646,
A202E,Maybole Day Hospital,KA19 7BY,"6 High Street, Maybole",S08000015,S37000027,,S12000028,,S02002332,,S01012439,,230096,610018,Yes
A208H,Biggart Hospital,KA9 2HQ,"Biggart Road, Prestwick",S08000015,S37000027,,S12000028,,S02002347,,S01012529,,235532,625171,
A210H,University Hospital Ayr,KA6 6DX,"Dalmellington Road, Ayr",S08000015,S37000027,,S12000028,,S02002333,,S01012444,,235861,618224,
A211H,Arrol Park Resource Centre,KA7 4DW,"10 Doonfoot Road, Ayr",S08000015,S37000027,,S12000028,,S02002335,,S01012451,,233146,620423,
A214H,Three Towns Resource Centre,KA21 5RF,"Nelson Road, Saltcoats",S08000015,S37000020,,S12000021,,S02002111,,S01011237,,225677,641933,
A215H,East Ayrshire Community Hospital,KA18 1EF,"Ayr Road, Cumnock",S08000015,S37000008,,S12000008,,S02001484,,S01007918,,256352,619976,
A216H,Girvan Community Hospital,KA26 9HQ,"Bridgemill, Girvan, Ayrshire",S08000015,S37000027,,S12000028,,S02002331,,S01012433,,219127,598598,
A217H,Woodland View,KA12 8SS,"Ayrshire Central Hospital, Kilwinning Road, Irvine",S08000015,S37000020,,S12000021,,S02002105,,S01011213,,231641,641194,Yes
B103H,The Knoll Hospital,TD11 3EL,"Station Road, Duns",S08000016,S37000025,,S12000026,,S02002304,,S01012305,,378679,653306,Yes
B104H,Galavale House,TD1 3EB,"Tweed Road, Galashiels",S08000016,S37000025,,S12000026,,S02002299,,S01012282,,350378,635136,Yes
B105H,Hawick Community  Hospital,TD9 7AH,"Victoria Road, Hawick",S08000016,S37000025,,S12000026,,S02002319,,S01012372,,349809,614689,
B108H,Andrew Lang Unit,TD7 4LH,"Viewfield House, Selkirk",S08000016,S37000025,,S12000026,,S02002321,,S01012384,,347045,628835,Yes
B114H,Kelso Hospital,TD5 7JP,"Inch Road, Kelso",S08000016,S37000025,,S12000026,,S02002310,,S01012337,,372790,634491,Yes
B118H,Hay Lodge Hospital,EH45 8JG,"Neidpath Road, Peebles",S08000016,S37000025,,S12000026,,S02002293,,S01012253,,324699,640483,Yes
B120H,Borders General Hospital,TD6 9BS,Melrose,S08000016,S37000025,,S12000026,,S02002320,,S01012377,,353342,633789,
B121H,Hawick Psychiatric Day Hospital,TD9 7AH,"c/o Hawick Community Hospital, Victoria Road, Hawick",S08000016,S37000025,,S12000026,,S02002319,,S01012372,,349980,614713,Yes
B122H,Hawick Psychogeriatric Day Hospital,TD9 0BG,"West Port, Drumlanrig Square, Hawick",S08000016,S37000025,,S12000026,,S02002318,,S01012370,,350068,614234,Yes
B123H,Peebles Psychogeriatric Day Hospital,EH45 8BD,"Firholm, Innerleithen Road, Peebles",S08000016,S37000025,,S12000026,,S02002293,,S01012255,,325669,640412,Yes
B124H,Galashiels Psychogeriatric Day Hospital,TD1 1ST,"Sime Place, Galashiels",S08000016,S37000025,,S12000026,,S02002297,,S01012275,,349132,636322,Yes
B127H,Eyemouth Day Hospital,TD14 5DA,"Houndlaw Park, Eyemouth",S08000016,S37000025,,S12000026,,S02002306,,S01012316,,394406,664226,
B128H,Crumhaugh House,TD9 0BA,"Crumhaugh Road, Hawick",S08000016,S37000025,,S12000026,,S02002318,,S01012371,,349595,614190,Yes
B129H,Melburn Lodge,TD6 9BS,"Borders General Hospital, Melrose",S08000016,S37000025,,S12000026,,S02002320,,S01012377,,353341,633790,Yes
B130H,Huntlyburn House,TD6 9BD,"The Cottages, Huntlyburn, Melrose",S08000016,S37000025,,S12000026,,S02002320,,S01012377,,352960,633584,Yes
Y101H,Castle Douglas Community Hospital,DG7 1EE,"Academy Street, Castle Douglas",S08000017,S37000006,,S12000006,,S02001415,,S01007536,,276781,562189,
Y103H,Crichton Royal Hospital,DG1 4TG,"Glencaple Road, Dumfries",S08000017,S37000006,,S12000006,,S02001427,,S01007599,,297955,574768,
Y105H,Nithbank Hospital,DG1 2SA,"Nithbank, Dumfries",S08000017,S37000006,,S12000006,,S02001427,,S01007600,,297736,575392,
Y106H,Kirkcudbright Cottage Hospital,DG6 4BE,"Townend, Kirkcudbright",S08000017,S37000006,,S12000006,,S02001414,,S01007527,,268392,550781,
Y107H,Thomas Hope Hospital,DG13 0JX,Langholm,S08000017,S37000006,,S12000006,,S02001438,,S01007647,,336386,584490,
Y108H,Lochmaben Hospital,DG11 1RQ,"Lochmaben, Lockerbie",S08000017,S37000006,,S12000006,,S02001435,,S01007632,,307357,582534,
Y109H,Moffat Community Hospital,DG10 9JY,"Holmend, Moffat",S08000017,S37000006,,S12000006,,S02001437,,S01007644,,309357,605079,
Y110H,Newton Stewart Hospital,DG8 6LZ,Newton Stewart,S08000017,S37000006,,S12000006,,S02001412,,S01007513,,240517,564668,
Y114H,Thornhill Hospital,DG3 5AA,Thornhill,S08000017,S37000006,,S12000006,,S02001420,,S01007561,,287762,594922,
Y120H,Annan Hospital,DG12 6NQ,"Stapleton Road, Annan",S08000017,S37000006,,S12000006,,S02001442,,S01007671,,320309,566669,
Y124H,Cromarty,DG9 7JL,"Sun Street, Stranraer",S08000017,S37000006,,S12000006,,S02001406,,S01007487,,205786,560758,Yes
Y126H,Acorn House,DG1 4SR,"Kingholm Road, Dumfries",S08000017,S37000006,,S12000006,,S02001427,,S01007600,,297509,574425,Yes
Y129H,Wellgreen Cottages,DG1 4TD,"Glencaple Road, Dumfries",S08000017,S37000006,,S12000006,,S02001427,,S01007599,,297904,573947,Yes
Y130H,Innistaigh,DG9 7EH,"Dalrymple Street, Stranraer",S08000017,S37000006,,S12000006,,S02001407,,S01007492,,206302,560178,
Y132H,Cardoness,DG1 4TG,"Bankend Road, Dumfries",S08000017,S37000006,,S12000006,,S02001427,,S01007599,,298102,574397,Yes
Y134H,Treastaigh,DG12 6JP,"Stapleton Road, Annan",S08000017,S37000006,,S12000006,,S02001442,,S01007671,,320313,566640,
Y135H,Nithview Day Hospital,DG1 2SD,"Nithbank, Dumfries",S08000017,S37000006,,S12000006,,S02001427,,S01007600,,297748,575442,Yes
Y136H,Laurel Bank (CETU),DG1 2SA,"Nithbank, Dumfries",S08000017,S37000006,,S12000006,,S02001427,,S01007600,,297477,573581,
Y138H,Heather Lodge (CETU),DG1 2SA,"Nithbank, Dumfries",S08000017,S37000006,,S12000006,,S02001427,,S01007600,,297735,575393,Yes
Y142H,Lismore,DG12 5HJ,"41A Prestonfield Road, Annan",S08000017,S37000006,,S12000006,,S02001442,,S01007666,,319969,567398,Yes
Y144H,Galloway Community Hospital,DG9 7DQ,"Dalrymple Street, Stranraer",S08000017,S37000006,,S12000006,,S02001407,,S01007492,,206341,560236,
Y145H,Midpark Hospital,DG1 4TN,"Bankend Road, Dumfries",S08000017,S37000006,,S12000006,,S02001427,,S01007598,,298632,574281,
Y146H,Dumfries & Galloway Royal Infirmary,DG2 8RX,"Cargenbridge, Dumfries",S08000017,S37000006,,S12000006,,S02001426,,S01007594,,294130,575081,Yes
F701H,Cameron Hospital,KY8 5RR,"Cameron Bridge, Windygates, Fife",S08000029,S37000032,,S12000047,,S02001812,,S01009616,,334435,699815,
F704H,Victoria Hospital,KY2 5AH,"Hayfield Road, Kirkcaldy",S08000029,S37000032,,S12000047,,S02001793,,S01009522,,327977,693093,
F705H,Victoria Maternity Unit,KY2 5AH,"Hayfield Road, Kirkcaldy",S08000029,S37000032,,S12000047,,S02001793,,S01009522,,327346,692288,
F708H,Adamson Hospital,KY15 4JG,"Bank Street, Cupar",S08000029,S37000032,,S12000047,,S02001827,,S01009687,,337144,715124,
F709H,St Andrews Community Hospital,KY16 8AR,"Largo Road, St Andrews",S08000029,S37000032,,S12000047,,S02001836,,S01009730,,350283,715321,
F710H,Randolph Wemyss Memorial Hospital,KY8 1HU,"Wellesley Road, Buckhaven",S08000029,S37000032,,S12000047,,S02001813,,S01009619,,336326,698751,
F711H,Whytemans Brae Hospital,KY1 2ND,"Whytemans Brae, Kirkcaldy",S08000029,S37000032,,S12000047,,S02001793,,S01009522,,327969.72,693363.35,
F712H,Stratheden Hospital,KY15 5RR,"Stratheden, By Springfield, Cupar",S08000029,S37000032,,S12000047,,S02001826,,S01009681,,334867,712942,
F714H,Weston Day Hospital,KY15 4AN,"West Port, Cupar",S08000029,S37000032,,S12000047,,S02001827,,S01009689,,337025,714474,
F716H,Glenrothes Hospital,KY7 5TG,"Lodge Rise, Glenrothes, Fife",S08000029,S37000032,,S12000047,,S02001807,,S01009590,,326739,702017,
F805H,Queen Margaret Hospital,KY12 0SU,"Whitefield Road, Dunfermline",S08000029,S37000032,,S12000047,,S02001750,,S01009326,,311292,688640,
F810H,Lynebank Hospital,KY11 8JH,"Halbeath Road, Dunfermline",S08000029,S37000032,,S12000047,,S02001768,,S01009404,,312101,688124,
V102H,Falkirk Community Hospital,FK1 5QE,"Majors Loan, Falkirk",S08000019,S37000013,,S12000014,,S02001716,,S01009155,,288174,679767,
V105H,Bo'ness Hospital,EH51 0DH,"Dean Road, Bo'ness",S08000019,S37000013,,S12000014,,S02001736,,S01009257,,299452,681026,
V106H,Bellsdyke Hospital,FK5 4SF,"Bellsdyke Road, Larbert",S08000019,S37000013,,S12000014,,S02001703,,S01009090,,286719,683947,
V201H,Stirling Community Hospital,FK8 2AU,"Livilands Gate, Stirling",S08000019,S37000005,,S12000030,,S02002447,,S01013060,,279698,692139,Yes
V214H,Lochview Hospital,FK5 4SE,"Stirling Road, Larbert",S08000019,S37000013,,S12000014,,S02001703,,S01009088,,285061,683211,Yes
V215H,Bungalows/Red Lodge,FK5 4AE,"Stirling Road, Larbert, Stirlingshire",S08000019,S37000013,,S12000014,,S02001704,,S01009095,,285487,682328,Yes
V216H,Clackmannanshire Community Healthcare Centre,FK10 3JQ,"Hall Park Road, Sauchie",S08000019,S37000005,,S12000005,,S02001401,,S01007460,,289224,693873,
V217H,Forth Valley Royal Hospital,FK5 4WR,"Stirling Road, Larbert",S08000019,S37000013,,S12000014,,S02001703,,S01009088,,284921,682898,
N101H,Aberdeen Royal Infirmary,AB25 2ZN,"Foresterhill Road, Aberdeen",S08000020,S37000001,,S12000033,,S02001245,,S01006563,,391789,807053,
N102H,Woodend General Hospital,AB15 6XS,Aberdeen,S08000020,S37000001,,S12000033,,S02001244,,S01006555,,389717,806282,
N103H,City Hospital,AB24 5AU,"Urquhart Road, Aberdeen",S08000020,S37000001,,S12000033,,S02001260,,S01006641,,394733.93,806974.64,
N104H,Woolmanhill Hospital,AB25 1LD,"Skene Street, Aberdeen",S08000020,S37000001,,S12000033,,S02001261,,S01006648,,393710,806470,
N106H,The Baird Family Hospital,AB25 2ZL,"Foresterhill Health Campus, Foresterhill Road, Aberdeen",S08000020,S37000001,,S12000033,,S02001245,,S01006563,,392108,807163,Yes
N111H,Hyperbaric Centre,AB16 5FA,"123 Ashgrove Road West, Aberdeen",S08000020,S37000001,,S12000033,,S02001269,,S01006694,,391437,807157,Yes
N121H,Royal Aberdeen Children's Hospital,AB25 2ZG,"Westburn Drive, Aberdeen",S08000020,S37000001,,S12000033,,S02001245,,S01006563,,391919,806977,
N151H,Aboyne Hospital,AB34 5HQ,"Bellwood Road, Aboyne",S08000020,S37000002,,S12000034,,S02001286,,S01006799,,353599.9,798620.3,
N161H,Aberdeen Maternity Hospital,AB25 2ZL,"Foresterhill, Aberdeen",S08000020,S37000001,,S12000033,,S02001245,,S01006563,,392109,807162,
N181H,Glen O'Dee Hospital,AB31 5SA,Banchory,S08000020,S37000002,,S12000034,,S02001299,,S01006872,,368475,796578,
N183H,Roxburghe House,AB25 2ZH,"Cornhill Site, Ashgrove Road, Aberdeen",S08000020,S37000001,,S12000033,,S02001262,,S01006655,,392478,807358,
N184H,Maidencraig House,AB15 6XS,"Woodend Hospital, Eday Road",S08000020,S37000001,,S12000033,,S02001244,,S01006555,,389716,806283,Yes
N198H,Royal Cornhill Hospital,AB25 2ZH,"Cornhill Road, Aberdeen",S08000020,S37000001,,S12000033,,S02001262,,S01006655,,392911,807188,
N331H,Inverurie Hospital,AB51 3UL,"Upperboat Road, Inverurie",S08000020,S37000002,,S12000034,,S02001304,,S01006905,,377208.2,820724.1,
N332H,Insch & District War Memorial Hosp.,AB52 6JJ,"Rannes Street, Insch",S08000020,S37000002,,S12000034,,S02001319,,S01007001,,363140.5,827937.2,
N333H,Peterhead Community Hospital,AB42 2XB,"Links Terrace, Peterhead",S08000020,S37000002,,S12000034,,S02001335,,S01007080,,412467,845814,
N334H,Fraserburgh Hospital,AB43 9NF,"Lochpots Road, Fraserburgh",S08000020,S37000002,,S12000034,,S02001342,,S01007123,,398932,866421,
N335H,Jubilee Hospital,AB54 8EX,"Bleachfield Street, Huntly",S08000020,S37000002,,S12000034,,S02001321,,S01007010,,352657.9,839486.1,
N336H,Turriff Cottage Hospital,AB53 4DQ,"Balmellie Road, Turriff",S08000020,S37000002,,S12000034,,S02001323,,S01007022,,373102.8,849752.7,
N337H,Chalmers Hospital,AB45 1JA,Banff,S08000020,S37000002,,S12000034,,S02001326,,S01007032,,368817.4,864465.9,
N352H,Ugie Hospital,AB42 1LZ,"Ugie Road, Peterhead",S08000020,S37000002,,S12000034,,S02001337,,S01007094,,412414,847238,
N401E,Buckie Day Hospital,AB56 1SF,"The Bungalow, Seafield Hospital, Buckie",S08000020,S37000019,,S12000020,,S02002079,,S01011081,,341529,864642,Yes
N411H,Dr Gray's Hospital,IV30 1SN,"Elgin, Morayshire",S08000020,S37000019,,S12000020,,S02002087,,S01011118,,320593,862526,
N431H,Seafield Hospital,AB56 1SF,"Barrhill Road, Buckie",S08000020,S37000019,,S12000020,,S02002079,,S01011081,,341530,864641,
N432H,Stephen Cottage Hospital,AB55 4BH,"Stephen Avenue, Dufftown",S08000020,S37000019,,S12000020,,S02002073,,S01011049,,332615,840044,
N433H,Turner Memorial Hospital,AB55 5DJ,"Turner Street, Keith",S08000020,S37000019,,S12000020,,S02002076,,S01011062,,342894.03,850604.07,
N434H,Leanchoil Hospital,IV36 2RF,"91 St Leonard's Road, Forres",S08000020,S37000019,,S12000020,,S02002096,,S01011167,,305635,857990,
N451H,Fleming Cottage Hospital,AB38 9PR,"Queens Road, Aberlour",S08000020,S37000019,,S12000020,,S02002074,,S01011052,,326704,842816,
N492H,Rehabilitation Hospital,AB11 7RS,"15 Polmuir Road, Aberdeen",S08000020,S37000001,,S12000033,,S02001252,,S01006598,,393840,805021,
N494H,Kincardine Community Hospital,AB39 2NJ,"Kirkton Road, Stonehaven",S08000020,S37000002,,S12000034,,S02001291,,S01006826,,386065.6,786460.5,
N495H,Pluscarden Clinic,IV30 1SN,"Dr Gray's Hospital, Elgin",S08000020,S37000019,,S12000020,,S02002087,,S01011118,,320890,862610,Yes
N496H,375 Great Western Lodge,AB10 6NU,"375 Great Western Road, Aberdeen",S08000020,S37000001,,S12000033,,S02001240,,S01006533,,392286,804794,
N499H,Elmwood,AB25 3BW,"Ashgrove Road, Aberdeen",S08000020,S37000001,,S12000033,,S02001262,,S01006655,,392487,807420,
N500H,Aberdeen Community Health and Care Village,AB24 5HY,"50 Frederick Street, Aberdeen",S08000020,S37000001,,S12000033,,S02001259,,S01006639,,394492.23,806589.39,
N501H,Rosewell House (NHS Wards),AB15 6XN,"194 Kings Gate, Aberdeen",S08000020,S37000001,,S12000033,,S02001244,,S01006553,,390848.14,806047.07,
C204H,Dumbarton Joint Hospital/Riverview Resource Centre,G82 5JA,"Cardross Road, Dumbarton",S08000031,S37000029,,S12000039,,S02002472,,S01013202,,238067,675883,
C206H,Vale of Leven General Hospital,G83 0UA,"North Main Street, Alexandria",S08000031,S37000029,,S12000039,,S02002476,,S01013228,,238439,680824,
C313H,Inverclyde Royal Hospital,PA16 0XN,"Larkfield Road, Greenock",S08000031,S37000017,,S12000018,,S02002041,,S01010856,,224623.63,675929.12,
C403H,Dykebar Hospital,PA2 7DE,"Grahamston Road, Paisley",S08000031,S37000024,,S12000038,,S02002255,,S01012027,,249800.63,661444.48,
C418H,Royal Alexandra Hospital,PA2 9PN,"Corsebar Road, Paisley",S08000031,S37000024,,S12000038,,S02002270,,S01012107,,247423,662910,
C419H,Larkfield Unit,PA16 0XN,"Inverclyde Royal Hospital, Larkfield Road, Greenock",S08000031,S37000017,,S12000018,,S02002041,,S01010856,,224623,675930,Yes
C420H,Blythswood House,PA4 8NT,"Fulbar Lane, Renfrew",S08000031,S37000024,,S12000038,,S02002282,,S01012186,,250679,667816,
G106H,Glasgow Dental Hospital and School,G2 3JZ,"378 Sauchiehall Street, Glasgow",S08000031,S37000034,,S12000049,,S02001933,,S01010267,,258322,665974,
G107H,Glasgow Royal Infirmary,G4 0SF,"84 Castle Street, Glasgow",S08000031,S37000034,,S12000049,,S02001932,,S01010262,,260185,665688,
G108H,The Princess Royal Maternity Unit,G31 2ER,"16 Alexandra Parade, Glasgow",S08000031,S37000034,,S12000049,,S02001932,,S01010262,,260402,665817,Yes
G109H,Lightburn Hospital,G32 6NB,"966 Carntyne Road, Glasgow",S08000031,S37000034,,S12000049,,S02001914,,S01010159,,264560,665171,
G110H,Acorn Street Day Hospital,G40 4AN,"21-23 Acorn Street, Glasgow",S08000031,S37000034,,S12000049,,S02001892,,S01010043,,260799,663738,
G112H,Parkview Resource Centre,G32 7AX,"152 Wellshot Road, Glasgow",S08000031,S37000034,,S12000049,,S02001911,,S01010144,,264000,664020,
G113H,Auchinlea Resource Centre,G34 9HQ,"Auchinlea House, Auchinlea Road, Glasgow",S08000031,S37000034,,S12000049,,S02001906,,S01010114,,266760,666274,
G207H,Stobhill Hospital,G21 3UW,"133 Balornock Road, Glasgow",S08000031,S37000034,,S12000049,,S02001922,,S01010209,,261277,668868,
G212H,Shawpark Resource Centre,G20 9DR,"41 Shawpark Street, Glasgow",S08000031,S37000034,,S12000049,,S02001949,,S01010359,,257050,668515,
G214H,Springpark Resource Centre/Day Hosp,G22 5EU,"101 Denmark Street, Glasgow",S08000031,S37000034,,S12000049,,S02001924,,S01010224,,259222,668186,
G302H,Leverndale Hospital,G53 7TU,"510 Crookston Road, Glasgow",S08000031,S37000034,,S12000049,,S02001849,,S01009804,,251890,662768,
G303H,Mearnskirk House,G77 5RZ,"Newton Mearns, Glasgow",S08000031,S37000011,,S12000011,,S02001564,,S01008349,,253820,654434,Yes
G306H,New Victoria Hospital,G42 9LF,"55 Grange Road, Glasgow",S08000031,S37000034,,S12000049,,S02001867,,S01009904,,258200,661808,Yes
G405H,Queen Elizabeth University Hospital,G51 4TF,"1345 Govan Road, Glasgow",S08000031,S37000034,,S12000049,,S02001855,,S01009833,,253769,665746,
G408H,Florence Street Mental Health Resource Centre,G5 0YX,"26 Florence Street, Glasgow",S08000031,S37000034,,S12000049,,S02001889,,S01010025,,259441,664351,
G410H,Shawmill Resource Centre,G43 1RR,"35 Well Green, Glasgow",S08000031,S37000034,,S12000049,,S02001873,,S01009935,,256242,661639,Yes
G504H,Gartnavel General Hospital (Admin Purposes),G12 0YN,"1053 Great Western Road, Glasgow",S08000031,S37000034,,S12000049,,S02001958,,S01010412,,255433,667983,Yes
G505H,Gartnavel Royal Hospital,G12 0XH,"1055 Great Western Road, Glasgow",S08000031,S37000034,,S12000049,,S02001958,,S01010412,,254891,667924,Yes
G507H,Centre for Integrative Care,G12 0YN,"1053 Great Western Road, Glasgow",S08000031,S37000034,,S12000049,,S02001958,,S01010412,,256011,667834,
G513H,Royal Hospital for Children,G51 4TF,"1345 Govan Road, Glasgow",S08000031,S37000034,,S12000049,,S02001855,,S01009833,,253655,665616,Yes
G516H,West Glasgow,G12 0YN,"1053 Great Western Road, Glasgow",S08000031,S37000034,,S12000049,,S02001958,,S01010412,,255434,667982,
G517H,Beatson West of Scotland Cancer Centre,G12 0YN,"1053 Great Western Road, Glasgow",S08000031,S37000034,,S12000049,,S02001958,,S01010412,,255433,667983,Yes
G596H,Anvil Resource Centre,G31 5ES,"81 Salamanca Street, Glasgow",S08000031,S37000034,,S12000049,,S02001894,,S01010052,,262798.28,664297.14,
G598H,Arran Resource Centre,G40 2BJ,"121 Orr Street, Bridgeton, Glasgow",S08000031,S37000034,,S12000049,,S02001894,,S01010055,,260720,664287,
G599H,Riverside Resource Centre,G11 6HU,"547 Dumbarton Road, Glasgow",S08000031,S37000034,,S12000049,,S02001954,,S01010388,,256437.5,666582.25,
G600H,Festival Business Park,G51 1DH,"150 Brand Street, Glasgow",S08000031,S37000034,,S12000049,,S02001860,,S01009862,,256359,664655,
G602H,Eastwood Resource Centre,G76 7QF,"38 Seres Rd, Clarkston, Glasgow",S08000031,S37000011,,S12000011,,S02001569,,S01008382,,256703,657579,Yes
G603H,Arndale Resource Centre,G15 7TS,"80/90 Kinfauns Drive, Glasgow",S08000031,S37000034,,S12000049,,S02001976,,S01010499,,253194,670969,
G605H,Bridgeview Resource Centre,G20 9PX,"The Quadrangle, 49 Ruchill Street, Glasgow",S08000031,S37000034,,S12000049,,S02001941,,S01010319,,257362,668359,Yes
G607H,Woodlands Resource Centre,G66 2HL,"15-17 Waterloo Close, Kirkintilloch",S08000031,S37000009,,S12000045,,S02001527,,S01008135,,265957.5,674018.06,
G608H,2-4 Waterloo Close,G66 2HL,"2-4 Waterloo Close, Kirkintilloch",S08000031,S37000009,,S12000045,,S02001527,,S01008135,,265860,674033,Yes
G609H,The Orchards,G20 7SJ,"135 Panmure Street, Glasgow",S08000031,S37000034,,S12000049,,S02001940,,S01010314,,258240,668030,Yes
G610H,Pineview,G61 1QN,"Switchback Road, Bearsden, Glasgow",S08000031,S37000009,,S12000045,,S02001515,,S01008072,,254720,670969,Yes
G611H,Netherton,G13 1AL,"19 Blackwood Street, Glasgow",S08000031,S37000034,,S12000049,,S02001971,,S01010472,,254355,669329,Yes
G612H,Rowanbank Clinic,G21 3UL,"Balornock Road, Glasgow",S08000031,S37000034,,S12000049,,S02001919,,S01010198,,261622,668716,Yes
G613H,Skye House,G21 3UZ,"133 Balornock Road, Glasgow",S08000031,S37000034,,S12000049,,S02001922,,S01010209,,261028,668876,Yes
G614H,Orchard View,PA16 0XN,"Inverclyde Adult and Older Peoples, Continuing Care Hospital, Larkfield Road, Greenock",S08000031,S37000017,,S12000018,,S02002041,,S01010856,,224623,675930,Yes
G615H,The Mary Aitkenhead Centre,G81 1EG,"St Margaret's Hospice, East Barns Street, Clydebank",S08000031,S37000029,,S12000039,,S02002460,,S01013125,,250920,669408,Yes
C101H,Argyll and Bute Hospital,PA31 8LD,"Blarbuie Road, Lochgilphead",S08000022,S37000004,,S12000035,,S02001376,,S01007317,,186468,687785,
C106H,Cowal Community Hospital,PA23 7RL,"360 Argyll Street, Dunoon",S08000022,S37000004,,S12000035,,S02001385,,S01007365,,217324,677908,
C108H,Islay Hospital,PA43 7JD,"Gortonvogie Road, Bowmore, Isle of Islay",S08000022,S37000004,,S12000035,,S02001378,,S01007327,,131615,659676,
C113H,Victoria Hospital,PA20 9JJ,"High Street, Rothesay",S08000022,S37000004,,S12000035,,S02001382,,S01007348,,208723,663909,
C114H,Victoria Hospital Annexe,PA20 9JH,"Townhead, Rothesay",S08000022,S37000004,,S12000035,,S02001382,,S01007348,,208772,663527,
C121H,Lorn & Islands Hospital,PA34 4HH,"Glengallan Road, Oban",S08000022,S37000004,,S12000035,,S02001371,,S01007291,,185665,728549,
C122H,Campbeltown Hospital,PA28 6LE,"Ralston Road, Campbeltown",S08000022,S37000004,,S12000035,,S02001380,,S01007337,,172003,619995,
H101H,Dunbar Hospital,KW14 7XE,"Thurso, Caithness",S08000022,S37000016,,S12000017,,S02002030,,S01010797,,310580,967264,
H103H,Caithness General Hospital,KW1 5NS,"Cliff Road, Wick",S08000022,S37000016,,S12000017,,S02002027,,S01010781,,336130,950861,
H104H,Wick Town and County Hospital,KW1 5NQ,"Hospital Road, Wick, Caithness",S08000022,S37000016,,S12000017,,S02002027,,S01010780,,335965,949904,
H106H,Lawson Memorial Hospital,KW10 6SS,"Station Road, Golspie",S08000022,S37000016,,S12000017,,S02002025,,S01010766,,282528,899920,
H201H,RNI Community Hospital,IV3 5SF,"Ness Walk, Inverness",S08000022,S37000016,,S12000017,,S02002000,,S01010631,,266262,844463,
H202H,Raigmore Hospital,IV2 3UJ,Inverness,S08000022,S37000016,,S12000017,,S02001998,,S01010624,,268618,844740,
H208H,Nairn Town and County Hospital,IV12 5EE,"Cawdor Road, Nairn",S08000022,S37000016,,S12000017,,S02001986,,S01010556,,288120,855775,
H210H,Ian Charles Community Hospital,PH26 3HR,"Castle Road East, Grantown-on-Spey",S08000022,S37000016,,S12000017,,S02001984,,S01010546,,303534,828518,
H211H,St Vincent's Hospital,PH21 1EX,"Gynack Road, Kingussie",S08000022,S37000016,,S12000017,,S02001982,,S01010533,,275425,801182,
H212H,Belford Hospital,PH33 6BS,"Belford Road, Fort William",S08000022,S37000016,,S12000017,,S02001980,,S01010522,,210613,774069,
H213H,Glencoe Hospital,PH49 4HT,"Glencoe, Ballachulish, Argyll",S08000022,S37000016,,S12000017,,S02001981,,S01010525,,210346,759082,Yes
H214H,Mackinnon Memorial Hospital,IV49 9AA,"Broadford, Isle of Skye",S08000022,S37000016,,S12000017,,S02002008,,S01010673,,164000,823875,
H215H,Portree Hospital,IV51 9BZ,"Portree, Isle of Skye",S08000022,S37000016,,S12000017,,S02002009,,S01010679,,148283,843314,
H217H,Ross Memorial Hospital,IV15 9QT,"Ferry Road, Dingwall",S08000022,S37000016,,S12000017,,S02002017,,S01010716,,255614,858620,
H219H,County Community Hospital Invergordon,IV18 0JR,Invergordon,S08000022,S37000016,,S12000017,,S02002021,,S01010744,,271838,869426,
H221H,Osprey House,IV2 3DZ,"Raigmore Avenue, Inverness",S08000022,S37000016,,S12000017,,S02001998,,S01010624,,268365,844797,Yes
H223H,New Craigs Hospital,IV3 8PJ,"Leachkin Road, Inverness",S08000022,S37000016,,S12000017,,S02002004,,S01010650,,263973.4,844332.7,
H224H,Mid-Argyll Community Hospital and Integrated Care Centre,PA31 8JZ,"Lochgilphead, Argyll",S08000022,S37000004,,S12000035,,S02001376,,S01007317,,187170,688509,
H225H,Dunaros Community Hospital,PA72 6JF,"Salen, Isle of Mull, Argyll",S08000022,S37000004,,S12000035,,S02001370,,S01007285,,157231,742923,Yes
H226H,Migdale Hospital,IV24 3ER,"Cherry Grove, Bonar Bridge, Sutherland",S08000022,S37000016,,S12000017,,S02002024,,S01010763,,261211.55,891509.96,
H227H,Mull and Iona Community Hospital,PA65 6BH,"Java Road, Craignure, Isle Of Mull",S08000022,S37000004,,S12000035,,S02001370,,S01007288,,171280,738116,Yes
H228H,Badenoch and Strathspey Community Hospital,PH22 1AJ,"Cairnview Road, Aviemore",S08000022,S37000016,,S12000017,,S02001983,,S01010539,,289985.59,813433.56,
H230H,National Treatment Centre,IV2 5NA,"Inverness Campus, Inverness",S08000022,S37000016,,S12000017,,S02001991,,S01010582,,269283,845115,
L103H,Coathill Hospital,ML5 4DN,"Hospital Street, Coatbridge",S08000032,S37000035,,S12000050,,S02002171,,S01011570,,273258,663570,
L104H,Victoria Memorial Cottage Hospital,G65 9AG,"19 Glasgow Road, Kilsyth",S08000032,S37000035,,S12000050,,S02002211,,S01011797,,270934,677913,
L105H,Wester Moffat Hospital,ML6 8LW,"Towers Road, Airdrie",S08000032,S37000035,,S12000050,,S02002182,,S01011628,,278644,665669,
L106H,University Hospital Monklands,ML6 0JS,"Monkscourt Avenue, Airdrie",S08000032,S37000035,,S12000050,,S02002186,,S01011652,,274962,665442,
L203H,Cleland Hospital,ML1 5NR,"Cleland, Motherwell, Lanarkshire",S08000032,S37000035,,S12000050,,S02002150,,S01011451,,280549,658367,
L204H,Hartwoodhill Hospital,ML7 4LA,"Hartwood, Shotts",S08000032,S37000035,,S12000050,,S02002146,,S01011429,,284273,658958,Yes
L206H,Kello Hospital,ML12 6AF,"Johns Loan, Biggar",S08000032,S37000028,,S12000029,,S02002355,,S01012576,,304351,637599,
L207H,Lady Home Cottage Hospital,ML11 0RH,"Douglas, Lanark",S08000032,S37000028,,S12000029,,S02002368,,S01012638,,284094,630932,
L209H,Lockhart Hospital,ML11 7RX,"Whitelees Road, Lanark",S08000032,S37000028,,S12000029,,S02002366,,S01012628,,289409,643247,
L211H,Roadmeetings Hospital,ML8 4PS,"Roadmeetings, Carluke",S08000032,S37000028,,S12000029,,S02002363,,S01012617,,286252,649954,Yes
L213H,Strathclyde Hospital,ML1 3BW,"Crawford Street, Motherwell",S08000032,S37000035,,S12000050,,S02002156,,S01011478,,274539,656388,Yes
L216H,Kirklands Hospital,G71 8BB,"Fallside Road, Bothwell",S08000032,S37000028,,S12000029,,S02002400,,S01012806,,270699,659552,
L218H,Airbles Road Centre,ML1 2TJ,"Airbles Road, Motherwell",S08000032,S37000035,,S12000050,,S02002138,,S01011380,,275714,656143,
L302H,University Hospital Hairmyres,G75 8RG,"Eaglesham Road, East Kilbride",S08000032,S37000028,,S12000029,,S02002427,,S01012955,,260668,654078,
L304H,Stonehouse Hospital,ML9 3NT,"Strathaven Road, Stonehouse",S08000032,S37000028,,S12000029,,S02002376,,S01012678,,274892,646122,
L305H,Udston Hospital,ML3 9LA,"Farm Road, Hamilton",S08000032,S37000028,,S12000029,,S02002395,,S01012774,,269573,655744,
L306H,Coathill House,ML5 5EA,"3 Old Monkland Road, Coatbridge",S08000032,S37000035,,S12000050,,S02002171,,S01011569,,272763,663577,
L307H,Beckford Lodge,ML3 0AZ,"Caird Street, Hamilton",S08000032,S37000028,,S12000029,,S02002398,,S01012794,,271358,656250,
L308H,University Hospital Wishaw,ML2 0DP,"50 Netherton Street, Wishaw",S08000032,S37000035,,S12000050,,S02002139,,S01011387,,278294,655081,
L395E,Red Deer Centre/Day Hospital,G75 8NH,"Alberta Avenue, Westwood, East Kilbride",S08000032,S37000028,,S12000029,,S02002433,,S01012987,,262227,653812,
S102H,Belhaven Hospital,EH42 1TR,"Hospital Road, Dunbar",S08000024,S37000010,,S12000010,,S02001554,,S01008286,,366560,678231,
S103H,Corstorphine Hospital,EH12 6TT,"136 Corstorphine Road, Edinburgh",S08000024,S37000012,,S12000036,,S02001679,,S01008973,,320690,672942,
S107H,Edenhall Hospital,EH21 7TZ,"Edenhall Road, Musselburgh",S08000024,S37000010,,S12000010,,S02001538,,S01008190,,335375,672016,
S108H,Edington Cottage Hospital,EH39 4PU,"54 St Baldred's Road, North Berwick",S08000024,S37000010,,S12000010,,S02001552,,S01008273,,355361,684972,
S109H,Herdmanflat Hospital,EH41 3BU,"Aberlady Road, Haddington",S08000024,S37000010,,S12000010,,S02001548,,S01008253,,350897,674417,
S114H,Royal Victoria Hospital,EH4 2DN,"13 Craigleith Road, Edinburgh",S08000024,S37000012,,S12000036,,S02001663,,S01008887,,323113,674643,
S116H,Western General Hospital,EH4 2XU,"Crewe Road South, Edinburgh",S08000024,S37000012,,S12000036,,S02001663,,S01008890,,323004,674999,
S201H,Astley Ainslie Hospital,EH9 2HL,"Grange Loan, Edinburgh",S08000024,S37000012,,S12000036,,S02001615,,S01008624,,325280,671364,
S203H,Chalmers Hospital,EH3 9HQ,"55 Lauriston Place, Edinburgh",S08000024,S37000012,,S12000036,,S02001621,,S01008667,,325251,673042,
S206H,Edinburgh Dental Institute,EH3 9HA,"4th Floor, Lauriston Building, Lauriston Place, Edinburgh",S08000024,S37000012,,S12000036,,S02001621,,S01008667,,325251,672987,Yes
S209H,Liberton Hospital,EH16 6UB,"Lasswade Road, Edinburgh",S08000024,S37000012,,S12000036,,S02001606,,S01008575,,327952,669029,
S217H,Royal Edinburgh Hospital,EH10 5HF,"23 Tipperlinn Road, Edinburgh",S08000024,S37000012,,S12000036,,S02001616,,S01008632,,324125,671126,
S232H,Cambridge Street Day Centre,EH1 2DY,"5/7 Cambridge Street, Edinburgh",S08000024,S37000012,,S12000036,,S02001620,,S01008660,,324822,673413,
S234H,William Fraser Centre,EH10 5HF,"Tipperlinn Road, Edinburgh",S08000024,S37000012,,S12000036,,S02001616,,S01008632,,324124,671127,Yes
S235H,The Islay Centre,EH10 5HF,"Tipperlinn Road, Edinburgh",S08000024,S37000012,,S12000036,,S02001616,,S01008632,,324124,671127,Yes
S240H,Glencorse Day Centre,EH26 0QZ,"Milton Mill, Milton Bridge, Penicuik",S08000024,S37000018,,S12000019,,S02002056,,S01010956,,325521,662255,Yes
S241H,Bonnyrigg Day Centre,EH22 4RT,"Old Library, Bonnyrigg",S08000024,S37000018,,S12000019,,S02002070,,S01011032,,333603,664899,Yes
S243H,Ballenden House,EH8 9HL,"28/32 Howden Street, Edinburgh",S08000024,S37000012,,S12000036,,S02001623,,S01008681,,326256,673008,
S305H,St Michael's Hospital,EH49 6QS,"Edinburgh Road, Linlithgow",S08000024,S37000030,,S12000040,,S02002507,,S01013441,,301041,676913,
S306H,Tippethill Hospital,EH48 3BQ,"Bathgate, West Lothian",S08000024,S37000030,,S12000040,,S02002499,,S01013380,,294512,666131,
S307H,Whitburn Day Hospital,EH47 0SD,"1 Weavers Lane, Whitburn",S08000024,S37000030,,S12000040,,S02002498,,S01013376,,294398,665053,Yes
S308H,St John's Hospital,EH54 6PP,"Howden West, Livingston, West Lothian",S08000024,S37000030,,S12000040,,S02002488,,S01013309,,305077,667692,
S309H,Inchkeith House,EH6 8NP,"137 Leith Walk, Edinburgh",S08000024,S37000012,,S12000036,,S02001644,,S01008796,,326855,675636,
S310H,Ferryfield House,EH5 2HF,"100 Pilton Drive, Edinburgh",S08000024,S37000012,,S12000036,,S02001667,,S01008911,,323303,676130,Yes
S311H,Bathgate House Day Hospital,EH48 4PJ,"15 North Bridge Street, Bathgate",S08000024,S37000030,,S12000040,,S02002504,,S01013414,,297352,668862,
S312H,Learning Disabilities Service Healthcare Houses,EH10 5EZ,Lothian,S08000024,S37000012,,S12000036,,S02001616,,S01008632,,324295,671309,Yes
S313H,Ellen's Glen House,EH16 6FF,"72 Carnbee Avenue, Edinburgh",S08000024,S37000012,,S12000036,,S02001606,,S01008574,,328227,669094,Yes
S314H,Royal Infirmary of Edinburgh at Little France,EH16 4SA,"51 Little France Crescent, Old Dalkeith Road, Edinburgh",S08000024,S37000012,,S12000036,,S02001627,,S01008704,,327699,669148,
S315H,Findlay House,EH6 7LG,"Seafield Street, Edinburgh",S08000024,S37000012,,S12000036,,S02001640,,S01008768,,328660,675606,
S316H,Princess Alexandra Eye Pavilion,EH3 9HA,"45 Chalmers Street, Edinburgh",S08000024,S37000012,,S12000036,,S02001621,,S01008667,,325252,672986,
S317H,Whitburn House,EH47 0DD,"12/14 The Avenue, Whitburn, Bathgate, West Lothian",S08000024,S37000030,,S12000040,,S02002498,,S01013374,,294519,664643,
S318H,Midlothian Community Hospital,EH22 3ND,"70 Eskbank Road, Dalkeith, Midlothian",S08000024,S37000018,,S12000019,,S02002063,,S01010996,,331897,665770,Yes
S319H,Royal Hospital for Children and Young People,EH16 4TJ,"50 Little France Crescent, Edinburgh",S08000024,S37000012,,S12000036,,S02001604,,S01008568,,,,
S320H,East Lothian Community Hospital,EH41 3PF,"Alderson Road, Haddington",S08000024,S37000010,,S12000010,,S02001548,,S01008252,,350336,674073,Yes
D101H,State Hospital,ML11 8RP,Carstairs,SB0802,,z,,z,,z,,z,296304,645949,
D102H,Golden Jubilee National Hospital,G81 4DY,"Agamemnon Street, Clydebank",SB0801,,z,,z,,z,,z,248478,670809,
R103H,The Balfour,KW15 1NZ,"Foreland Road, Kirkwall, Orkney",S08000025,S37000022,,S12000023,,S02002215,,S01011817,,344590,1010016,Yes
Z102H,Gilbert Bain Hospital,ZE1 0TB,"Lerwick, Shetland",S08000026,S37000026,,S12000027,,S02002324,,S01012395,,446981,1141029,
T101H,Ninewells Hospital,DD1 9SY,Dundee,S08000030,S37000007,,S12000042,,S02001446,,S01007694,,339005.12,730389.6,
T104H,Kings Cross Hospital,DD3 8EA,"Clepington Road, Dundee",S08000030,S37000007,,S12000042,,S02001468,,S01007825,,339391,732165,
T107H,Royal Victoria Hospital,DD2 1SP,"Jedburgh Road, Dundee",S08000030,S37000007,,S12000042,,S02001445,,S01007684,,337629,730504,
T113H,Dundee Dental Hospital,DD1 4HR,"2 Park Place, Dundee",S08000030,S37000007,,S12000042,,S02001446,,S01007691,,339742,730011,
T115H,Strathmartine Hospital,DD3 0PG,"Strathmartine, Dundee",S08000030,S37000003,,S12000041,,S02001344,,S01007133,,338323,735165,
T116H,Armitstead Child Development Centre,DD3 8EA,"Kings Cross Hospital, Clepington Road, Dundee",S08000030,S37000007,,S12000042,,S02001468,,S01007825,,339322,732161,Yes
T120H,Hawkhill Day Hospital,DD1 5LB,"Peddie Street, Dundee",S08000030,S37000007,,S12000042,,S02001446,,S01007693,,338960,729885,
T121H,Dundonald Centre,DD3 7PY,"Unit 9a Manhattan Works, Dundonald Street, Dundee",S08000030,S37000007,,S12000042,,S02001452,,S01007726,,340847,731565,Yes
T122H,Dudhope House (Young Persons Unit),DD3 6HH,"15 Dudhope Terrace, Dundee",S08000030,S37000007,,S12000042,,S02001447,,S01007700,,339328,730688,
T123H,Royal Victoria Day Hospital,DD2 1SP,"Royal Victoria Hospital, Jedburgh Road, Dundee",S08000030,S37000007,,S12000042,,S02001445,,S01007684,,337628,730505,Yes
T202H,Perth Royal Infirmary,PH1 1NX,"Taymount Terrace, Perth",S08000030,S37000033,,S12000048,,S02002231,,S01011898,,310411,723623,
T205H,St Margaret's Hospital,PH3 1JH,"Western Road, Auchterarder",S08000030,S37000033,,S12000048,,S02002223,,S01011854,,293688,712587,
T207H,Aberfeldy Cottage Hospital,PH15 2DH,"Old Crieff Road, Aberfeldy",S08000030,S37000033,,S12000048,,S02002253,,S01012015,,285932,748951,
T209H,Blairgowrie & Rattray Cottage Hospital,PH10 6EE,"Perth Road, Blairgowrie",S08000030,S37000033,,S12000048,,S02002249,,S01011991,,317409,744585.83,
T215H,Murray Royal Hospital,PH2 7BH,"Muirhall Road, Perth",S08000030,S37000033,,S12000048,,S02002240,,S01011945,,312939.65,724017.75,
T221H,Scone Day Hospital,PH2 6LE,"Birch Avenue, Scone",S08000030,S37000033,,S12000048,,S02002241,,S01011950,,313174,726281,Yes
T304H,Arbroath Infirmary,DD11 2AT,"Rosemount Road, Arbroath",S08000030,S37000003,,S12000041,,S02001352,,S01007181,,363406,740444,
T305H,Brechin Infirmary,DD9 7AN,"Infirmary Street, Brechin",S08000030,S37000003,,S12000041,,S02001361,,S01007234,,360207,760462,
T309H,Little Cairnie Hospital,DD11 3RA,"Forfar Road, Arbroath",S08000030,S37000003,,S12000041,,S02001351,,S01007174,,362737,741929,
T310H,Montrose Royal Infirmary,DD10 8AJ,"Bridge Street, Montrose",S08000030,S37000003,,S12000041,,S02001357,,S01007208,,371045,757440,
T312H,Stracathro Hospital,DD9 7QA,By Brechin,S08000030,S37000003,,S12000041,,S02001359,,S01007225,,362591,764986,
T313H,Whitehills Hospital,DD8 3DY,By Forfar,S08000030,S37000003,,S12000041,,S02001364,,S01007252,,346655,751499,Yes
T314H,Gowanlea,DD11 5DX,"Seaton Road, Arbroath",S08000030,S37000003,,S12000041,,S02001353,,S01007189,,364826,741428,
T316H,Crieff Community Hospital,PH7 3HR,"King Street, Crieff",S08000030,S37000033,,S12000048,,S02002226,,S01011870,,286317.24,721263.23,
T317H,Carseview Centre,DD2 1NH,"4 Tom McDonald Avenue, Medipark, Dundee",S08000030,S37000007,,S12000042,,S02001471,,S01007839,,335664,730633,
T319H,Whitehills Health and Community Care Centre,DD8 3DY,By Forfar,S08000030,S37000003,,S12000041,,S02001364,,S01007252,,346619,751376,
T320H,Pitlochry Community Hospital,PH16 5FG,"Ferry Road, Pitlochry, Perthshire",S08000030,S37000033,,S12000048,,S02002252,,S01012010,,293727,757986,
T321H,Perth Dental Hospital,PH1 1RA,"Broxden Business Park, Perth",S08000030,S37000033,,S12000048,,S02002232,,S01011899,,308335.46,723095.85,
T322H,Kingsway Care Centre,DD2 3PT,"Kings Cross Road, Dundee",S08000030,S37000007,,S12000042,,S02001468,,S01007826,,338477.08,732101.69,
T323H,Bluebell Intermediate Care Unit,DD2 5JB,"Riverside View Nursing Home, 60 Clovis Duveau Drive, Dundee",S08000030,S37000007,,S12000042,,S02001475,,S01007869,,335404,730180,Yes
T324H,Dudhope Young Peoples Inpatient Unit,DD3 6HH,"17 Dudhope Terrace, Dundee",S08000030,S37000007,,S12000042,,S02001447,,S01007700,,339112,730878,Yes
T325H,CAMHS Hospital Unit,DD3 6HH,"17 Dudhope Terrace, Dundee",S08000030,S37000007,,S12000042,,S02001447,,S01007700,,339389,730741,
W106H,St Brendans Cot Hospital,HS9 5XE,"Horve, Isle of Barra",S08000028,S37000031,,S12000013,,S02001687,,S01009014,,65926,797989,
W107H,Western Isles Hospital,HS1 2AF,"Macaulay Road, Stornoway, Isle of Lewis",S08000028,S37000031,,S12000013,,S02001694,,S01009045,,142692,934195,
W108H,Uist & Barra Hospital,HS7 5LA,"Balivanich, Isle of Benbecula",S08000028,S37000031,,S12000013,,S02001688,,S01009020,,77740,855235,
